ID,FirstName,LastName,GENDER,COMPANY_NAME
1,Ken,Sánchez,Female,J
2,Terri,Duffy,Male,Lee
3,Roberto,Tamburello,Female,NULL
4,Rob,Walters,Female,NULL
5,Gail,Erickson,Female,A
6,Jossef,Goldberg,Female,H
7,Dylan,Miller,Male,A
8,Diane,Margheim,Female,L
9,Gigi,Matthew,Female,N
10,Michael,Raheem,Male,NULL
11,Ovidiu,Cracium,Female,V
12,Thierry,D'Hers,Male,B
13,Janice,Galvin,Male,M
14,Michael,Sullivan,Male,I
15,Sharon,Salavaria,Male,B
16,David,Bradley,Male,M
17,Kevin,Brown,Male,F
18,John,Wood,Male,L
19,Mary,Dempsey,Male,A
20,Wanida,Benshoof,Male,M
21,Terry,Eminhizer,Male,J
22,Sariya,Harnpadoungsataya,Female,E
23,Mary,Gibson,Female,E
24,Jill,Williams,Female,A
25,James,Hamilton,Female,R
26,Peter,Krebs,Female,J
27,Jo,Brown,Female,A
28,Guy,Gilbert,Female,R
29,Mark,McArthur,Male,K
30,Britta,Simon,Female,L
31,Margie,Shoop,Male,W
32,Rebecca,Laszlo,Male,A
33,Annik,Stahl,Female,O
34,Suchitra,Mohan,Male,O
35,Brandon,Heidepriem,Male,G
36,Jose,Lugo,Male,R
37,Chris,Okelberry,Female,O
38,Kim,Abercrombie,Male,B
39,Ed,Dudenhoefer,Female,R
40,JoLynn,Dobney,Male,M
41,Bryan,Baker,Female,NULL
42,James,Kramer,Male,D
43,Nancy,Anderson,Male,A
44,Simon,Rapier,Female,D
45,Thomas,Michaels,Male,R
46,Eugene,Kogan,Female,O
47,Andrew,Hill,Male,R
48,Ruth,Ellerbrock,Female,Ann
49,Barry,Johnson,Female,K
50,Sidney,Higa,Female,M
51,Jeffrey,Ford,Female,L
52,Doris,Hartwig,Female,M
53,Diane,Glimp,Male,R
54,Bonnie,Kearney,Female,N
55,Taylor,Maxwell,Female,R
56,Denise,Smith,Female,H
57,Frank,Miller,Male,T
58,Kendall,Keil,Male,C
59,Bob,Hohman,Female,N
60,Pete,Male,Male,C
61,Diane,Tibbott,Female,H
62,John,Campbell,Male,T
63,Maciej,Dusza,Female,W
64,Michael,Zwilling,Male,J
65,Randy,Reeves,Female,T
66,Karan,Khanna,Male,R
67,Jay,Adams,Female,G
68,Charles,Fitzgerald,Male,B
69,Steve,Masters,Male,F
70,David,Ortiz,Female,J
71,Michael,Ray,Male,Sean
72,Steven,Selikoff,Male,T
73,Carole,Poland,Male,M
74,Bjorn,Rettig,Male,M
75,Michiko,Osada,Female,F
76,Carol,Philips,Male,M
77,Merav,Netz,Female,A
78,Reuben,D'sa,Male,H
79,Eric,Brown,Female,L
80,Sandeep,Kaliyath,Male,P
81,Mihail,Frintu,Female,U
82,Jack,Creasey,Female,T
83,Patrick,Cook,Female,M
84,Frank,Martinez,Male,R
85,Brian,Goldstein,Female,Richard
86,Ryan,Cornelsen,Male,L
87,Cristian,Petculescu,Male,K
88,Betsy,Stadick,Female,A
89,Patrick,Wedge,Female,C
90,Danielle,Tiedt,Male,C
91,Kimberly,Zimmerman,Female,B
92,Tom,Vande Velde,Female,M
93,Kok-Ho,Loh,Male,T
94,Russell,Hunter,Male,NULL
95,Jim,Scardelis,Male,H
96,Elizabeth,Keyser,Female,I
97,Mandar,Samant,Female,H
98,Sameer,Tejani,Female,A
99,Nuan,Yu,Female,NULL
100,Lolan,Song,Male,B
101,Houman,Pournasseh,Male,N
102,Zheng,Mu,Female,W
103,Ebru,Ersan,Male,N
104,Mary,Baker,Male,R
105,Kevin,Homer,Female,M
106,John,Kane,Male,T
107,Christopher,Hill,Female,E
108,Jinghao,Liu,Female,K
109,Alice,Ciccu,Male,O
110,Jun,Cao,Female,T
111,Suroor,Fatima,Female,R
112,John,Evans,Male,P
113,Linda,Moschell,Male,K
114,Mindaugas,Krapauskas,Male,J
115,Angela,Barbariol,Male,W
116,Michael,Patten,Female,W
117,Chad,Niswonger,Male,W
118,Don,Hall,Female,L
119,Michael,Entin,Male,T
120,Kitti,Lertpiriyasuwat,Female,H
121,Pilar,Ackerman,Female,G
122,Susan,Eaton,Male,W
123,Vamsi,Kuppa,Female,N
124,Kim,Ralls,Male,T
125,Matthias,Berndt,Female,T
126,Jimmy,Bischoff,Female,T
127,David,Hamilton,Male,P
128,Paul,Komosinski,Male,B
129,Gary,Yukish,Female,W
130,Rob,Caron,Female,T
131,Baris,Cetinok,Male,F
132,Nicole,Holliday,Female,B
133,Michael,Rothkugel,Male,L
134,Eric,Gubbels,Male,NULL
135,Ivo,Salmre,Female,William
136,Sylvester,Valdez,Female,A
137,Anibal,Sousa,Female,T
138,Samantha,Smith,Female,H
139,Hung-Fu,Ting,Female,T
140,Prasanna,Samarawickrama,Male,E
141,Min,Su,Female,G
142,Olinda,Turner,Female,C
143,Krishna,Sunkammurali,Male,NULL
144,Paul,Singh,Male,R
145,Cynthia,Randall,Female,S
146,Jian Shuo,Wang,Female,NULL
147,Sandra,Reátegui Alayo,Female,NULL
148,Jason,Watters,Female,M
149,Andy,Ruth,Male,M
150,Michael,Vanderhyde,Male,T
151,Rostislav,Shabalin,Male,E
152,Yuhong,Li,Male,L
153,Hanying,Feng,Female,P
154,Raymond,Sam,Female,K
155,Fadi,Fakhouri,Male,K
156,Lane,Sacksteder,Male,M
157,Linda,Randall,Female,A
158,Shelley,Dyck,Female,N
159,Terrence,Earls,Male,W
160,Jeff,Hay,Male,V
161,Kirk,Koenigsbauer,Male,J
162,Laura,Steele,Female,C
163,Alex,Nayberg,Male,M
164,Andrew,Cencini,Female,M
165,Chris,Preston,Female,T
166,Jack,Richins,Female,S
167,David,Johnson,Female,N
168,Garrett,Young,Male,R
169,Susan,Metters,Male,A
170,George,Li,Female,Z
171,David,Yalovsky,Male,A
172,Marc,Ingle,Male,J
173,Eugene,Zabokritski,Female,R
174,Benjamin,Martin,Male,R
175,Reed,Koch,Female,T
176,David,Lawrence,Female,Oliver
177,Russell,King,Female,M
178,John,Frum,Male,N
179,Jan,Miksovsky,Female,S
180,Katie,McAskill-White,Male,L
181,Michael,Hines,Female,T
182,Nitin,Mirchandani,Female,S
183,Barbara,Decker,Female,S
184,John,Chen,Male,Y
185,Stefen,Hesse,Male,A
186,Shane,Kim,Male,S
187,Yvonne,McKay,Female,S
188,Douglas,Hite,Male,B
189,Janeth,Esteves,Male,M
190,Robert,Rounthwaite,Female,J
191,Lionel,Penuchot,Male,C
192,Brenda,Diaz,Male,M
193,Alejandro,McGuel,Female,E
194,Fred,Northup,Female,T
195,Kevin,Liu,Male,H
196,Shammi,Mohamed,Female,G
197,Rajesh,Patel,Male,M
198,Lorraine,Nay,Male,O
199,Paula,Nartker,Male,R
200,Frank,Lee,Female,T
201,Brian,Lloyd,Female,T
202,Tawana,Nusbaum,Female,G
203,Ken,Myer,Male,L
204,Gabe,Mares,Female,B
205,Lori,Kane,Female,A
206,Stuart,Munson,Male,V
207,Greg,Alderson,Female,F
208,Scott,Gode,Female,R
209,Kathie,Flood,Female,E
210,Belinda,Newman,Male,M
211,Hazem,Abolrous,Female,E
212,Peng,Wu,Male,J
213,Sootha,Charncherngkha,Female,T
214,Andreas,Berglund,Female,T
215,Mark,Harrington,Female,L
216,Sean,Alexander,Male,P
217,Zainal,Arifin,Male,T
218,Tengiz,Kharatishvili,Male,N
219,Sean,Chai,Female,N
220,Karen,Berge,Female,R
221,Chris,Norred,Female,K
222,A. Scott,Wright,Female,NULL
223,Sairaj,Uddin,Female,L
224,William,Vong,Male,S
225,Alan,Brewer,Female,J
226,Brian,LaMee,Female,P
227,Gary,Altman,Female,E.
228,Christian,Kleinerman,Female,E
229,Lori,Penor,Female,K
230,Stuart,Macrae,Female,J
231,Jo,Berry,Female,L
232,Pat,Coleman,Female,H
233,Magnus,Hedlund,Female,E
234,Laura,Norman,Male,F
235,Paula,Barreto de Mattos,Male,M
236,Grant,Culbertson,Male,N
237,Hao,Chen,Female,O
238,Vidur,Luthra,Female,X
239,Mindy,Martin,Female,C
240,Willis,Johnson,Female,T
241,David,Liu,Female,J
242,Deborah,Poe,Female,E
243,Candy,Spoon,Female,L
244,Bryan,Walton,Female,A
245,Barbara,Moreland,Female,C
246,Dragan,Tomic,Male,K
247,Janet,Sheperdigian,Female,L
248,Mike,Seamans,Male,K
249,Wendy,Kahn,Male,Beth
250,Sheela,Word,Female,H
251,Mikael,Sandberg,Male,Q
252,Arvind,Rao,Female,B
253,Linda,Meisner,Female,P
254,Fukiko,Ogisu,Female,J
255,Gordon,Hee,Female,L
256,Frank,Pellow,Female,S
257,Eric,Kurjan,Male,S
258,Erin,Hagens,Female,M
259,Ben,Miller,Female,T
260,Annette,Hill,Male,L
261,Reinout,Hillmann,Male,N
262,David,Barber,Female,M
263,Jean,Trenary,Male,E
264,Stephanie,Conroy,Male,A
265,Ashvini,Sharma,Male,R
266,Peter,Connelly,Female,I
267,Karen,Berg,Female,A
268,Ramesh,Meyyappan,Male,V
269,Dan,Bacon,Female,K
270,François,Ajenstat,Female,P
271,Dan,Wilson,Female,B
272,Janaina,Bueno,Female,Barreiro Gambaro
273,Brian,Welcker,Female,S
274,Stephen,Jiang,Female,Y
275,Michael,Blythe,Male,G
276,Linda,Mitchell,Female,C
277,Jillian,Carson,Male,NULL
278,Garrett,Vargas,Female,R
279,Tsvi,Reiter,Male,Michael
280,Pamela,Ansman-Wolfe,Male,O
281,Shu,Ito,Male,K
282,José,Saraiva,Female,Edvaldo
283,David,Campbell,Female,R
284,Tete,Mensa-Annan,Male,A
285,Syed,Abbas,Female,E
286,Lynn,Tsoflias,Male,N
287,Amy,Alberts,Male,E
288,Rachel,Valdez,Female,B
289,Jae,Pak,Female,B
290,Ranjit,Varkey Chudukatil,Female,R
291,Gustavo,Achong,Male,NULL
293,Catherine,Abel,Male,R.
295,Kim,Abercrombie,Female,NULL
297,Humberto,Acevedo,Male,NULL
299,Pilar,Ackerman,Female,NULL
301,Frances,Adams,Male,B.
303,Margaret,Smith,Female,J.
305,Carla,Adams,Female,J.
307,Jay,Adams,Male,NULL
309,Ronald,Adina,Female,L.
311,Samuel,Agcaoili,Female,N.
313,James,Aguilar,Male,T.
315,Robert,Ahlering,Female,E.
317,François,Ferrier,Male,NULL
319,Kim,Akers,Male,NULL
321,Lili,Alameda,Male,J.
323,Amy,Alberts,Male,E.
325,Anna,Albright,Male,A.
327,Milton,Albury,Female,J.
329,Paul,Alcorn,Male,L.
331,Gregory,Alderson,Female,F.
333,J. Phillip,Alexander,Male,L.
335,Michelle,Alexander,Male,NULL
337,Sean,Jacobson,Male,P.
339,Phyllis,Allen,Male,A.
341,Marvin,Allen,Female,N.
343,Michael,Allen,Male,NULL
345,Cecil,Allison,Female,J.
347,Oscar,Alpuerto,Male,L.
349,Sandra,Altamirano,Female,J.
351,Selena,Alvarado,Female,R.
353,Emilio,Alvaro,Male,R.
355,Maxwell,Amland,Female,J.
357,Mae,Anderson,Female,N.
359,Ramona,Antrim,Female,J.
361,Sabria,Appelbaum,Female,B.
363,Hannah,Arakawa,Female,R.
365,Kyley,Arbelaez,Male,J.
367,Tom,Johnston,Male,H
369,Thomas,Armstrong,Female,B.
371,John,Arthur,Female,NULL
373,Chris,Ashton,Male,NULL
375,Teresa,Atkinson,Female,NULL
377,John,Ault,Female,P.
379,Robert,Avalos,Female,A.
381,Stephen,Ayers,Female,M.
383,Phillip,Bacalzo,Female,M.
385,Daniel,Blanco,Female,NULL
387,Cory,Booth,Male,K.
389,James,Bailey,Female,B.
391,Douglas,Baldwin,Female,A.
393,Jennifer,Bales,Male,B.
395,Alberto,Baltazar,Female,F.
397,Wayne,Banack,Male,N.
399,Darrell,Banks,Male,M.
401,Angela,Barbariol,Female,NULL
403,David,Barber,Male,NULL
405,Robert,Barker,Female,L.
407,Rebecca,Barley,Male,R.
409,Brenda,Barlow,Male,L.
411,Josh,Barnhill,Female,NULL
413,Adam,Barr,Male,NULL
415,Norma,Barrera,Male,N.
417,Gytis,Barzdukas,Female,M
419,David,Bartness,Female,M.
421,Karel,Bates,Male,E.
423,Ciro,Bauer,Female,J.
425,Glenna,Beanston,Female,L.
427,Shaun,Beasley,Male,NULL
429,John,Beaver,Female,A.
431,Christopher,Beck,Female,R.
433,Bradley,Beck,Male,NULL
435,Benjamin,Becker,Female,J.
437,Ann,Beebe,Female,NULL
439,Shane,Belli,Male,J.
441,Stanley,Alan,Female,A.
443,Mason,Bendixen,Female,NULL
445,John,Bennetts,Female,M.
447,Ido,Ben-Sachar,Female,NULL
449,Edna,Benson,Female,J.
451,Payton,Benson,Female,P.
453,Max,Benson,Female,NULL
455,Scot,Bent,Female,A.
457,Richard,Bentley,Female,M.
459,Marian,Berch,Female,M.
461,Karen,Berge,Male,NULL
463,Alexander,Berger,Male,J.
465,John,Berger,Female,M.
467,Kris,Bergin,Female,R.
469,Andreas,Berglund,Female,NULL
471,Robert,Bernacchi,Male,M.
473,Matthias,Berndt,Male,NULL
475,John,Berry,Female,NULL
477,Steven,Brown,Female,B.
479,Chris,Bidelman,Female,N.
481,Mary,Billstrom,Male,B.
483,Jimmy,Bischoff,Male,NULL
485,Mary,Bishop,Female,NULL
487,Mae,Black,Male,M.
489,Jackie,Blackwell,Male,E.
491,Donald,Blanton,Female,L.
493,Linda,Burnett,Male,E.
495,Michael,Blythe,Female,Greg
497,Gabriel,Bockenkamp,Female,L.
499,Michael,Bohling,Male,L.
501,Corinna,Bolender,Female,NULL
503,Luis,Bonifaz,Male,NULL
505,Randall,Boseman,Male,NULL
507,Stephanie,Bourne,Female,NULL
509,Eli,Bowen,Male,NULL
511,Lester,Bowman,Female,J.
513,David,Bradley,Male,M.
515,Cornelius,Brandon,Female,L.
517,Richard,Bready,Female,NULL
519,Sara,Breer,Female,N.
521,Ted,Bremer,Male,NULL
523,Alan,Brewer,Male,NULL
525,Walter,Brian,Male,J.
527,Christopher,Bright,Female,M.
529,Carol,Brink,Female,J.
531,David,Brink,Male,J.
533,John,Brooks,Female,R.
535,Willie,Brooks,Male,P.
537,Carolee,Brown,Female,J.
539,Jo,Brown,Male,NULL
541,Robert,Brown,Female,NULL
543,Kevin,Browne,Male,F.
545,Mary,Browning,Male,K.
547,Dave,Browning,Female,P.
549,Bridget,Browqett,Male,E.
551,Eric,Brumfield,Female,J.
553,Dick,Brummer,Female,R.
555,Michael,Brundage,Female,NULL
557,Shirley,Bruner,Male,R.
559,June,Brunner,Female,B.
561,Dirk,Bruno,Female,J.
563,Nancy,Buchanan,Female,NULL
565,Janaina Barreiro Gambaro,Bueno,Male,NULL
567,Edward,Buensalido,Female,T.
569,Megan,Burke,Male,E.
571,Ingrid,Burkhardt,Female,K.
573,Karren,Burkhardt,Female,K.
575,Ovidiu,Burlacu,Female,NULL
577,Dana,Burnell,Female,H.
579,Timothy,Burnett,Male,B.
581,Stephen,Burton,Female,R.
583,Deanna,Buskirk,Male,R.
585,Jared,Bustamante,Female,L.
587,Richard,Byham,Male,A.
589,David,Byrnes,Male,J.
591,Ryan,Calafato,Male,NULL
593,Sylvia,Caldwell,Male,A.
595,Mari,Caldwell,Male,B.
597,Barbara,Calone,Female,J.
599,Lindsey,Camacho,Female,R.
601,Gustavo,Camargo,Female,NULL
603,DeeDee,Cameron,Male,J.
605,Deborah,Lee,Female,M.
607,Joan,Campbell,Female,M.
609,David,Campbell,Male,NULL
611,Henry,Campen,Male,L.
613,Chris,Cannon,Female,NULL
615,Joseph,Cantoni,Female,J.
617,Suzana De Abreu,Canuto,Male,A.
619,Jun,Cao,Female,NULL
621,Johnny,Caprio,Female,A.
623,Richard,Carey,Male,NULL
625,Carlton,Carlisle,Female,M.
627,Ty Loren,Carlson,Female,NULL
629,Jane,Carmichael,Male,N.
631,Jovita,Carmody,Female,A.
633,Steve,Carnes,Male,J.
635,Fernando,Caro,Male,NULL
637,Rob,Caron,Female,NULL
639,Andy,Carothers,Female,NULL
641,Donna,Carreras,Male,F.
643,Rosmarie,Carroll,Female,J.
645,Matthew,Carroll,Female,NULL
647,Joseph,Castellucio,Male,N.
649,Pamela,Carlson,Male,A.
651,Raul,Casts,Female,E.
653,Elizabeth,Catalano,Female,E.
655,Matthew,Cavallari,Female,J.
657,Brigid,Cavendish,Male,F.
659,Andrew,Cencini,Female,NULL
661,Stacey,Cereghino,Male,M.
663,Baris,Cetinok,Male,NULL
665,Sean,Chai,Female,NULL
667,Pat,Chambers,Female,A.
669,Forrest,Chandler,Male,J.
671,Lee,Chapla,Male,J.
673,Greg,Chapman,Female,NULL
675,Neil,Charney,Male,NULL
677,Hao,Chen,Male,NULL
679,John,Chen,Male,Y.
681,Pei,Chow,Female,NULL
683,Yao-Qiang,Cheng,Male,NULL
685,Nicky,Chesnut,Male,E.
687,Susan,Chestnut,Female,B.
689,Martin,Chisholm,Female,NULL
691,Mike,Choi,Female,M.
693,Ruth,Choin,Female,A.
695,Anthony,Chor,Male,NULL
697,Charles,Christensen,Male,M.
699,Jill,Christie,Female,J.
701,Alice,Clark,Male,NULL
703,Gina,Clark,Male,N.
705,James,Clark,Male,J.
707,Jane,Clayton,Female,NULL
709,Kristine,Cleary,Male,J.
711,Teanna,Cobb,Male,M.
713,Connie,Coffman,Female,L.
715,Jeanette,Cole,Male,R.
717,Eric,Coleman,Female,E.
719,Pat,Coleman,Female,NULL
721,Takiko,Collins,Female,J.
723,John,Colon,Female,L.
725,Scott,Colvin,Male,A.
727,Aaron,Con,Female,NULL
729,Peter,Connelly,Female,NULL
731,William,Conner,Female,J.
733,Stephanie,Conroy,Female,NULL
735,Amy,Consentino,Female,R.
737,Dorothy,Contreras,Female,J.
739,Patrick,Cook,Female,M.
741,Scott,Cooper,Female,NULL
743,Eva,Corets,Male,NULL
745,Marlin,Coriell,Female,M.
747,Ryan,Cornelsen,Male,NULL
749,Bruno,Costa Da Silva,Male,NULL
751,Pamela,Cox,Male,R.
753,Jack,Creasey,Male,NULL
755,Sharon,Crow,Male,A.
757,Shelley,Crow,Female,R.
759,Grant,Culbertson,Female,NULL
761,Scott,Culp,Female,NULL
763,Conor,Cunningham,Female,NULL
765,Jose,Curry,Female,M.
767,Thierry,D'Hers,Female,NULL
769,Ryan,Danner,Male,NULL
771,Mike,Danseglio,Female,NULL
773,Megan,Davis,Female,N.
775,Alvaro,De Matos Miranda Filho,Male,NULL
777,Jose,De Oliveira,Male,NULL
779,Jacob,Dean,Male,N.
781,Alexander,Deborde,Female,J.
783,Barbara,Decker,Female,S.
785,Kirk,DeGrasse,Female,NULL
787,Aidan,Delaney,Female,NULL
789,Stefan,Delmarco,Male,NULL
791,Shawn,Demicell,Male,R.
793,Della,Demott Jr,Female,F.
795,Bruno,Deniut,Male,NULL
797,Helen,Dennis,Male,J.
799,Prashanth,Desai,Male,NULL
801,Bev,Desalvo,Male,L.
803,Brenda,Diaz,Female,NULL
805,Gabriele,Dickmann,Female,NULL
807,Holly,Dickson,Female,NULL
809,Dick,Dievendorff,Male,NULL
811,Rudolph,Dillon,Female,J.
813,Andrew,Dixon,Female,NULL
815,Blaine,Dockter,Male,NULL
817,Cindy,Dodd,Male,M.
819,John,Donovan,Male,T.
821,Patricia,Doyle,Female,NULL
823,Gerald,Drury,Female,M.
825,Gary,Drury,Male,T.
827,Reuben,D'sa,Female,NULL
829,Ed,Dudenhoefer,Female,NULL
831,Bernard,Duerr,Female,NULL
833,Tish,Duff,Male,R.
835,Adrian,Dumitrascu,Female,NULL
837,Bart,Duncan,Male,NULL
839,Maciej,Dusza,Male,NULL
841,Shelley,Dyck,Female,NULL
843,Linda,Ecoffey,Male,R.
845,Carla,Eldridge,Female,L.
847,Carol,Elliott,Male,B.
849,Shannon,Elliott,Female,P.
851,Jauna,Elson,Male,E.
853,Michael,Emanuel,Female,NULL
855,Terry,Eminhizer,Female,NULL
857,John,Emory,Male,NULL
859,Gail,Erickson,Male,NULL
861,Mark,Erickson,Male,B
863,Martha,Espinoza,Male,R.
865,Julie,Estes,Male,P.
867,Janeth,Esteves,Male,NULL
869,Twanna,Evans,Male,R.
871,Ann,Evans,Male,R.
873,John,Evans,Female,NULL
875,Marc,Faeber,Female,NULL
877,Fadi,Fakhouri,Female,NULL
879,Carolyn,Farino,Male,NULL
881,Geri,Farrell,Male,P.
883,Hanying,Feng,Female,NULL
885,Rhoda,Finley,Female,J.
887,Duane,Fitzgerald,Male,R.
889,James,Fine,Female,NULL
891,Kathie,Flood,Female,NULL
893,Jay,Fluegel,Female,NULL
895,Kelly,Focht,Male,NULL
897,Jeffrey,Ford,Female,L.
899,Garth,Fort,Female,NULL
901,Dorothy,Fox,Male,J.
903,Judith,Frazier,Female,B.
905,John,Fredericksen,Female,NULL
907,Susan,French,Female,E.
909,Liam,Friedland,Female,J.
911,Mihail,Frintu,Female,NULL
913,John,Ford,Male,NULL
915,Paul,Fulton,Male,J.
917,Don,Funk,Male,NULL
919,Bob,Gage,Male,NULL
921,Aldeen,Gallagher,Male,J.
923,Michael,Galos,Female,NULL
925,Jon,Ganio,Male,NULL
927,Kathleen,Garza,Male,M.
929,Dominic,Gash,Female,P.
931,Janet,Gates,Female,M.
933,Orlando,Gee,Female,N.
935,Darren,Gehring,Male,NULL
937,Jim,Geist,Female,NULL
939,Barbara,German,Female,J.
941,Tom,Getzinger,Female,NULL
943,Leo,Giakoumakis,Male,NULL
945,Cornett,Gibbens,Male,L.
947,Frances,Giglio,Male,J.
949,Guy,Gilbert,Female,NULL
951,Janet,Gilliat,Female,J.
953,Mary,Gimmi,Female,M.
955,David,Givens,Female,L.
957,Jeanie,Glenn,Male,R.
959,Diane,Glimp,Female,R.
961,James,Glynn,Female,R.
963,Scott,Gode,Female,NULL
965,Mete,Goktepe,Male,NULL
967,Jossef,Goldberg,Female,NULL
969,Brian,Goldstein,Female,R
971,Lynn,Gonzales,Female,A.
973,Linda,Gonzales,Female,L.
975,Abigail,Gonzalez,Female,J.
977,Michael,Graff,Male,NULL
979,Derek,Graham,Female,NULL
981,Lowell,Graham,Male,J.
983,Jon,Grande,Male,NULL
985,Jane,Greer,Male,P.
987,Geoff,Grisso,Male,NULL
989,Douglas,Groncki,Male,NULL
991,Brian,Groth,Male,NULL
993,Faith,Gustafson,Male,M.
995,Greg,Harrison,Female,NULL
997,Hattie,Haemon,Female,J.
999,Matthew,Hagemann,Female,M.
1001,Erin,Hagens,Female,M.
1003,Betty,Haines,Male,M.
1005,Karen,Hall,Female,E.
1007,Don,Hall,Male,NULL
1009,Bryan,Hamilton,Female,NULL
1011,James,Hamilton,Female,R.
1013,Kerim,Hanif,Female,NULL
1015,Jean,Handley,Male,P.
1017,Mark,Hanson,Female,NULL
1019,William,Hapke,Male,J.
1021,Katherine,Harding,Male,NULL
1023,Kimberly,Harrington,Male,Beth
1025,Lucy,Harrington,Female,NULL
1027,Keith,Harris,Male,NULL
1029,Doris,Hartwig,Female,NULL
1031,Roger,Harui,Male,NULL
1033,Ann,Hass,Male,T.
1035,Mark,Hassall,Male,NULL
1037,Neal,Hasty,Male,B.
1039,James,Haugh,Male,B.
1041,Jeff,Hay,Male,NULL
1043,Brenda,Heaney,Female,F.
1045,James,Hendergart,Female,NULL
1047,John,Hanson,Male,NULL
1049,Valerie,Hendricks,Male,M.
1051,Jay,Henningsen,Female,NULL
1053,Jeff,Henshaw,Female,D.
1055,Kari,Hensien,Male,NULL
1057,Deena,Herman,Male,J.
1059,Irene,Hernandez,Female,J.
1061,Jésus,Hernandez,Female,NULL
1063,Pam,Herrick,Female,L.
1065,Cheryl,Herring,Female,M.
1067,Ronald,Heymsfield,Female,K.
1069,Sidney,Higa,Male,NULL
1071,Onetha,Higgs,Male,F.
1073,Fran,Highfill,Female,P.
1075,Geneva,Hill,Male,T.
1077,Andrew,Hill,Female,R.
1079,Reinout,Hillmann,Female,NULL
1081,Mike,Hines,Male,NULL
1083,Matthew,Hink,Male,NULL
1085,Nancy,Hirota,Female,E.
1087,Rose,Hirsch,Male,NULL
1089,Douglas,Hite,Female,NULL
1091,David,Hodgson,Male,NULL
1093,Helge,Hoeing,Male,NULL
1095,Barbara,Hoffman,Female,NULL
1097,Holly,Holt,Female,J.
1099,Bob,Hodges,Male,NULL
1101,Jean,Holloway,Male,J.
1103,Michael,Holm,Male,NULL
1105,Eddie,Holmes,Female,M.
1107,Juanita,Holman,Male,J.
1109,Peter,Houston,Male,NULL
1111,Curtis,Howard,Female,P.
1113,Joe,Howard,Male,NULL
1115,Janice,Hows,Male,K.
1117,George,Huckaby,Female,M.
1119,Joshua,Huff,Male,J.
1121,Arlene,Huff,Male,NULL
1123,Matthew,Hunter,Male,M.
1125,Phyllis,Huntsman,Male,R.
1127,Lawrence,Hurkett,Male,E.
1129,Ryan,Ihrig,Male,NULL
1131,Beth,Inghram,Male,NULL
1133,Lucio,Iallo,Male,NULL
1135,Richard,Irwin,Female,L.
1137,Erik,Ismert,Male,NULL
1139,Denean,Ison,Male,J.
1141,Raman,Iyer,Female,NULL
1143,Bronson,Jacobs,Female,R.
1145,Eric,Jacobsen,Female,A.
1147,Jodan,Jacobson,Female,M.
1149,Mary,Alexander,Female,NULL
1151,David,Jaffe,Female,NULL
1153,Jay,Jamison,Male,NULL
1155,Vance,Johns,Female,P.
1157,Joyce,Jarvis,Female,NULL
1159,George,Jiang,Female,NULL
1161,Stephen,Jiang,Female,Yuan
1163,Samuel,Johnson,Female,A.
1165,Danielle,Johnson,Male,B.
1167,Greg,Johnson,Male,M.
1169,Barry,Johnson,Male,NULL
1171,Brian,Johnson,Female,NULL
1173,David,Johnson,Female,NULL
1175,Willis,Johnson,Male,NULL
1177,Tamara,Johnston,Female,NULL
1179,Robert,Jones,Male,E.
1181,Brannon,Jones,Female,NULL
1183,Jean,Jordan,Male,NULL
1185,Peggy,Justice,Female,J.
1187,Diane,Krane,Female,F.
1189,Scott,Kaffer,Female,B.
1191,Sandra,Kitt,Female,T.
1193,Wendy,Kahn,Female,NULL
1195,Sandeep,Kaliyath,Female,NULL
1197,John,Kane,Male,NULL
1199,Lori,Kane,Female,NULL
1201,Judith,Krane,Female,F.
1203,Kay,Krane,Female,E.
1205,Sandeep,Katyal,Female,NULL
1207,Bonnie,Kearney,Female,NULL
1209,Kendall,Keil,Female,NULL
1211,Victor,Kelley,Female,A.
1213,John,Kelly,Male,NULL
1215,Robert,Kelly,Male,NULL
1217,Kevin,Kennedy,Male,NULL
1219,Mary,Kesslep,Female,R.
1221,Alice,Kesterson,Female,L.
1223,Elizabeth,Keyser,Female,NULL
1225,Tammy,Khan,Female,J.
1227,Imtiaz,Khan,Female,NULL
1229,Karan,Khanna,Female,NULL
1231,Joe,Kim,Female,NULL
1233,Jim,Kim,Female,NULL
1235,Shane,Kim,Female,S.
1237,Tim,Kim,Female,NULL
1239,Russell,King,Female,NULL
1241,Anton,Kirilov,Male,NULL
1243,Christian,Kleinerman,Female,NULL
1245,Andrew,Kobylinski,Female,P.
1247,Reed,Koch,Male,NULL
1249,Jim,Kennedy,Female,NULL
1251,Kirk,King,Female,T
1253,Eugene,Kogan,Female,NULL
1255,Scott,Konersmann,Female,NULL
1257,Joy,Koski,Female,R.
1259,Pamala,Kotc,Female,M.
1261,Edward,Kozlowski,Female,J.
1263,James,Kramer,Female,D.
1265,Mitch,Kennedy,Male,NULL
1267,James,Krow,Female,J.
1269,Margaret,Krupka,Female,T.
1271,Deepak,Kumar,Female,NULL
1273,Jeffrey,Kung,Female,B.
1275,Vamsi,Kuppa,Female,NULL
1277,Jeffrey,Kurtz,Female,NULL
1279,Peter,Kurniawan,Female,NULL
1281,Eric,Lang,Female,NULL
1283,Rebecca,Laszlo,Female,NULL
1285,Cecilia,Laursen,Female,M.
1287,David,Lawrence,Female,O
1289,Elsa,Leavitt,Female,NULL
1291,Michael,Lee,Male,J.
1293,Marjorie,Lee,Female,M.
1295,Frank,Campbell,Male,NULL
1297,Mark,Lee,Female,NULL
1299,Robertson,Lee,Female,NULL
1301,Jolie,Lenehan,Female,NULL
1303,Roger,Lengel,Female,NULL
1305,A.,Leonetti,Female,Francesca
1307,Bonnie,Lepro,Female,B.
1309,Gloria,Lesko,Female,J.
1311,Linda,Leste,Male,NULL
1313,Steven,Levy,Female,B.
1315,Judy,Lew,Male,NULL
1317,Elsie,Lewin,Female,L.
1319,George,Li,Female,Z.
1321,Yale,Li,Male,NULL
1323,Yan,Li,Female,NULL
1325,Yuhong,Li,Female,NULL
1327,Joseph,Lique,Female,M.
1329,Paulo,Lisboa,Female,H.
1331,David,Liu,Male,J.
1333,Jinghao,Liu,Female,NULL
1335,Kevin,Liu,Female,NULL
1337,Run,Liu,Male,NULL
1339,Todd,Logan,Female,R.
1341,Kok-Ho,Loh,Male,NULL
1343,John,Long,Female,K.
1345,Sharon,Looney,Female,J.
1347,Jeremy,Los,Female,NULL
1349,Spencer,Low,Female,NULL
1351,Anita,Lucerne,Male,R.
1353,Jose,Lugo,Male,NULL
1355,Richard,Lum,Female,NULL
1357,Judy,Lundahl,Female,R.
1359,Sean,Lunt,Female,J.
1361,Helen,Lutes,Female,R.
1363,Robert,Lyeba,Female,P.
1365,Sharon,Lynn,Female,F.
1367,Robert,Lyon,Male,NULL
1369,Jenny,Lysaker,Female,NULL
1371,Denise,Maccietto,Female,R.
1373,Scott,MacDonald,Female,NULL
1375,Walter,Mays,Male,J.
1377,Patrick,Magenheimer,Female,J.
1379,Kimberly,Malmendier,Female,N.
1381,Ajay,Manchepalli,Female,NULL
1383,Parul,Manek,Female,NULL
1385,Tomas,Manzanares,Male,M.
1387,Kathy,Marcovecchio,Female,R.
1389,Jill,Markwood,Female,K.
1391,Melissa,Marple,Female,R.
1393,Cecelia,Marshall,Male,L.
1395,Benjamin,Martin,Female,NULL
1397,Linda,Martin,Female,NULL
1399,Mindy,Martin,Male,NULL
1401,Sandra,Martinez,Female,I.
1403,Frank,Mart¡nez,Male,NULL
1405,Steve,Masters,Female,NULL
1407,Joseph,Matthews,Female,NULL
1409,Jennifer,Maxham,Female,J.
1411,Chris,Maxwell,Female,NULL
1413,Sandra,Maynard,Male,B.
1415,John,McClane,Female,J.
1417,Robin,McGuigan,Male,M.
1419,Stacie,Mcanich,Female,K.
1421,Katie,McAskill-White,Female,NULL
1423,Lola,McCarthy,Female,M.
1425,Jane,McCarty,Female,A.
1427,Nikki,McCormick,Male,NULL
1429,James,McCoy,Female,L.
1431,Christinia,McDonald,Male,A.
1433,Alejandro,McGuel,Female,NULL
1435,Yvonne,McKay,Female,NULL
1437,Nkenge,McLin,Male,NULL
1439,Nancy,McPhearson,Female,A.
1441,Nellie,Medina,Female,T.
1443,Raquel,Mello,Male,NULL
1445,Gladys,Mendiola,Female,F.
1447,R. Morgan,Mendoza,Female,L.
1449,Tosh,Meston,Female,NULL
1451,Susan,Metters,Female,NULL
1453,Stephen,Mew,Female,A.
1455,Eric,Meyer,Female,B.
1457,Helen,Meyer,Female,M.
1459,Deanna,Meyer,Female,NULL
1461,Gary,Meyerhoff,Female,P.
1463,Ramesh,Meyyappan,Female,NULL
1465,Thomas,Michaels,Female,R.
1467,Jan,Miksovsky,Male,NULL
1469,Virginia,Miller,Male,L.
1471,Matthew,Miller,Female,J.
1473,Emilo,Miller,Female,R.
1475,Ben,Miller,Male,NULL
1477,Dylan,Miller,Male,NULL
1479,Frank,Miller,Female,NULL
1481,Neva,Mitchell,Female,M.
1483,Linda,Mitchell,Female,NULL
1485,Scott,Mitchell,Male,NULL
1487,Robert,Mitosinka,Female,NULL
1489,Joseph,Mitzner,Female,P.
1491,Paula,Moberly,Female,B.
1493,Suchitra,Mohan,Female,NULL
1495,Jonathan,Moeller,Female,NULL
1497,William,Monroe,Male,J.
1499,Alan,Monitor,Female,L.
1501,Hillaine,Montera,Female,N.
1503,Bobby,Moore,Female,NULL
1505,Barbara,Moreland,Female,NULL
1507,Jon,Morris,Male,NULL
1509,Julia,Moseley,Female,NULL
1511,Marie,Moya,Female,E.
1513,Zheng,Mu,Female,NULL
1515,Salman,Mughal,Male,NULL
1517,Albert,Mungin,Male,NULL
1519,Stuart,Munson,Male,NULL
1521,Billie Jo,Murray,Female,NULL
1523,Dorothy,Myer,Female,J.
1525,Ken,Myer,Female,NULL
1527,Suzanne,Nelson,Male,NULL
1529,Mandar,Naik,Female,NULL
1531,Greg,Mohamed,Female,F.
1533,Mike,Nash,Female,NULL
1535,Lorraine,Nay,Female,NULL
1537,Alex,Nayberg,Female,NULL
1539,Jan,Nelsen,Male,R.
1541,Amir,Netz,Female,T.
1543,Donals,Nilson,Female,E.
1545,Toby,Nixon,Female,NULL
1547,Laura,Norman,Female,NULL
1549,Fred,Northup,Female,NULL
1551,Michael,O'Connell,Female,J
1553,Tim,O'Brien,Male,NULL
1555,Tina,O'Dell,Male,Slone
1557,Robert,O'Hara,Female,NULL
1559,Nino,Olivotto,Female,E.
1561,Lee,Olguin,Male,M.
1563,Tad,Orman,Female,NULL
1565,Gloria,Orona,Male,B.
1567,Fred,Ortiz,Female,A.
1569,John,Ortiz,Male,E.
1571,David,Ortiz,Male,J.
1573,Michiko,Osada,Female,NULL
1575,Stu,Osborn,Male,J.
1577,Scott,Oveson,Male,NULL
1579,Lori,Oviatt,Female,NULL
1581,Jyothi,Pai,Female,NULL
1583,Cristian,Osorio,Male,B.
1585,Mosha,Park,Female,M.
1587,Rajesh,Patel,Male,M.
1589,Shyamalan,Pather,Male,NULL
1591,Michael,Patten,Female,NULL
1593,Trish,Pederson,Female,E.
1595,Frank,Pellow,Female,NULL
1597,Lionel,Penuchot,Female,NULL
1599,Elizabeth,Peoples,Female,M.
1601,John,Peoples,Male,NULL
1603,Jonathan,Perera,Male,NULL
1605,Tina,Perko,Female,A.
1607,James,Peters,Female,NULL
1609,Glin,Peterson,Male,J.
1611,Sara,Pettengill,Female,E.
1613,Carol,Philips,Female,NULL
1615,Patricia,Porter,Female,B.
1617,Pat,Pinkston,Female,R.
1619,Paulo,Pinto,Female,Sergio Da Silva
1621,Deborah,Poe,Female,NULL
1623,Grigory,Pogulsky,Male,NULL
1625,Carole,Poland,Male,NULL
1627,Cheryl,Pompa,Female,J.
1629,Alma,Poorbaugh,Female,B.
1631,Ethel,Porter,Female,J.
1633,Constance,Posner,Female,J.
1635,Josh,Pollock,Male,NULL
1637,Betty,Potts,Male,J.
1639,Fred,Preston,Female,NULL
1641,Jeff,Price,Female,NULL
1643,Milton,Pugh,Male,M.
1645,Sean,Purcell,Female,NULL
1647,Monica,Quintana,Female,L.
1649,Mary Lou,Quintana,Female,M.
1651,Kim,Ralls,Female,NULL
1653,Susan,Ramos,Male,J.
1655,Cynthia,Randall,Female,NULL
1657,Arvind,Rao,Male,B.
1659,Simon,Rapier,Female,NULL
1661,Michael,Ray,Male,S
1663,Suzann,Reams,Female,K.
1665,Michelle,Rector,Male,B.
1667,Jamie,Reding,Female,NULL
1669,Russell,Reed,Female,A.
1671,Celine,Reed,Female,J.
1673,Randy,Reeves,Female,NULL
1675,Enoch,Remick,Female,T
1677,Eric,Rhodes,Female,E.
1679,Adam,Reynolds,Male,J.
1681,Constance,Remmington,Male,J.
1683,Albert,Rhodes,Female,A.
1685,Dave,Richards,Female,NULL
1687,Jack,Richins,Female,S.
1689,Marie,Richmeier,Female,M.
1691,William,Richter,Female,J.
1693,Thomas,Richards,Female,M.
1695,Stacy,Rizzi,Female,K.
1697,Leota,Roberts,Female,J.
1699,David,Robinett,Male,R.
1700,Rebecca,Robinson,Female,A.
1701,Dorothy,Robinson,Female,B.
1702,Carol Ann,Rockne,Female,F.
1703,Scott,Rodgers,Female,M.
1704,Jim,Rodman,Female,NULL
